DESDE;COTIZACION
13/9/2013 00:00;0.00
19/9/2013 00:00;5.76
20/9/2013 00:00;5.76
24/9/2013 00:00;5.84
25/9/2013 00:00;5.84
26/9/2013 00:00;5.85
27/9/2013 00:00;5.79
1/10/2013 00:00;5.87
3/10/2013 00:00;5.88
4/10/2013 00:00;5.88
7/10/2013 00:00;5.89
8/10/2013 00:00;5.95
10/10/2013 00:00;5.90
11/10/2013 00:00;5.90
15/10/2013 00:00;5.91
16/10/2013 00:00;5.91
17/10/2013 00:00;5.91
18/10/2013 00:00;5.92
21/10/2013 00:00;5.93
23/10/2013 00:00;5.93
24/10/2013 00:00;5.94
25/10/2013 00:00;5.95
28/10/2013 00:00;5.96
29/10/2013 00:00;5.96
30/10/2013 00:00;5.97
31/10/2013 00:00;5.98
1/11/2013 00:00;5.99
4/11/2013 00:00;6.01
8/11/2013 00:00;5.98
29/11/2013 00:00;6.14
13/12/2013 00:00;6.14
27/12/2013 00:00;6.14
30/12/2013 00:00;6.52
10/1/2014 00:00;6.52
14/1/2014 00:00;6.52
31/1/2014 00:00;8.02
3/2/2014 00:00;8.02
28/2/2014 00:00;7.88
28/3/2014 00:00;7.88
31/3/2014 00:00;8.01
25/4/2014 00:00;8.01
30/4/2014 00:00;8.00
28/5/2014 00:00;8.14
30/5/2014 00:00;8.08
4/6/2014 00:00;8.08
30/6/2014 00:00;8.13
11/7/2014 00:00;8.13
16/7/2014 00:00;8.13
30/7/2014 00:00;8.13
31/7/2014 00:00;8.21
1/8/2014 00:00;8.22
4/8/2014 00:00;8.25
5/8/2014 00:00;8.27
6/8/2014 00:00;8.27
7/8/2014 00:00;8.27
8/8/2014 00:00;8.27
11/8/2014 00:00;8.27
12/8/2014 00:00;8.27
13/8/2014 00:00;8.27
14/8/2014 00:00;8.28
15/8/2014 00:00;8.28
19/8/2014 00:00;8.28
20/8/2014 00:00;8.30
21/8/2014 00:00;8.35
22/8/2014 00:00;8.42
25/8/2014 00:00;8.41
26/8/2014 00:00;8.41
27/8/2014 00:00;8.41
28/8/2014 00:00;8.41
29/8/2014 00:00;8.40
1/9/2014 00:00;8.41
2/9/2014 00:00;8.41
3/9/2014 00:00;8.41
4/9/2014 00:00;8.40
5/9/2014 00:00;8.41
8/9/2014 00:00;8.42
9/9/2014 00:00;8.41
10/9/2014 00:00;8.40
11/9/2014 00:00;8.40
12/9/2014 00:00;8.40
15/9/2014 00:00;8.40
16/9/2014 00:00;8.40
17/9/2014 00:00;8.41
18/9/2014 00:00;8.42
19/9/2014 00:00;8.42
22/9/2014 00:00;8.43
23/9/2014 00:00;8.43
24/9/2014 00:00;8.43
25/9/2014 00:00;8.43
26/9/2014 00:00;8.44
29/9/2014 00:00;8.46
30/9/2014 00:00;8.46
7/10/2014 00:00;8.47
8/10/2014 00:00;8.46
9/10/2014 00:00;8.47
10/10/2014 00:00;8.48
14/10/2014 00:00;8.48
15/10/2014 00:00;8.48
16/10/2014 00:00;8.48
20/10/2014 00:00;8.48
21/10/2014 00:00;8.50
22/10/2014 00:00;8.49
23/10/2014 00:00;8.49
24/10/2014 00:00;8.49
28/10/2014 00:00;8.49
29/10/2014 00:00;8.50
30/10/2014 00:00;8.50
31/10/2014 00:00;8.50
3/11/2014 00:00;8.51
4/11/2014 00:00;8.51
5/11/2014 00:00;8.51
7/11/2014 00:00;8.51
10/11/2014 00:00;8.51
11/11/2014 00:00;8.51
12/11/2014 00:00;8.51
13/11/2014 00:00;8.51
14/11/2014 00:00;8.51
17/11/2014 00:00;8.51
18/11/2014 00:00;8.51
19/11/2014 00:00;8.51
20/11/2014 00:00;8.51
21/11/2014 00:00;8.52
25/11/2014 00:00;8.52
26/11/2014 00:00;8.52
27/11/2014 00:00;8.53
28/11/2014 00:00;8.52
1/12/2014 00:00;8.53
2/12/2014 00:00;8.53
3/12/2014 00:00;8.54
4/12/2014 00:00;8.54
5/12/2014 00:00;8.55
9/12/2014 00:00;8.56
10/12/2014 00:00;8.55
11/12/2014 00:00;8.55
12/12/2014 00:00;8.55
15/12/2014 00:00;8.55
16/12/2014 00:00;8.55
18/12/2014 00:00;8.55
19/12/2014 00:00;8.55
22/12/2014 00:00;8.55
23/12/2014 00:00;8.55
29/12/2014 00:00;8.55
30/12/2014 00:00;8.55
2/1/2015 00:00;8.55
5/1/2015 00:00;8.56
6/1/2015 00:00;8.57
7/1/2015 00:00;8.58
8/1/2015 00:00;8.59
9/1/2015 00:00;8.59
12/1/2015 00:00;8.59
13/1/2015 00:00;8.59
15/1/2015 00:00;8.60
16/1/2015 00:00;8.60
19/1/2015 00:00;8.60
20/1/2015 00:00;8.61
21/1/2015 00:00;8.61
22/1/2015 00:00;8.62
23/1/2015 00:00;8.63
26/1/2015 00:00;8.63
27/1/2015 00:00;8.63
28/1/2015 00:00;8.63
29/1/2015 00:00;8.63
30/1/2015 00:00;8.64
2/2/2015 00:00;8.65
3/2/2015 00:00;8.66
4/2/2015 00:00;8.66
5/2/2015 00:00;8.66
6/2/2015 00:00;8.66
9/2/2015 00:00;8.66
10/2/2015 00:00;8.67
11/2/2015 00:00;8.68
12/2/2015 00:00;8.68
18/2/2015 00:00;8.69
19/2/2015 00:00;8.69
20/2/2015 00:00;8.70
23/2/2015 00:00;8.71
24/2/2015 00:00;8.72
25/2/2015 00:00;8.72
26/2/2015 00:00;8.73
27/2/2015 00:00;8.72
2/3/2015 00:00;8.73
3/3/2015 00:00;8.74
4/3/2015 00:00;8.74
5/3/2015 00:00;8.75
6/3/2015 00:00;8.76
9/3/2015 00:00;8.76
10/3/2015 00:00;8.77
11/3/2015 00:00;8.77
12/3/2015 00:00;8.78
13/3/2015 00:00;8.78
16/3/2015 00:00;8.78
17/3/2015 00:00;8.79
18/3/2015 00:00;8.79
19/3/2015 00:00;8.79
20/3/2015 00:00;8.80
25/3/2015 00:00;8.80
26/3/2015 00:00;8.80
27/3/2015 00:00;8.81
30/3/2015 00:00;8.82
31/3/2015 00:00;8.82
1/4/2015 00:00;8.83
6/4/2015 00:00;8.83
7/4/2015 00:00;8.83
8/4/2015 00:00;8.84
9/4/2015 00:00;8.84
10/4/2015 00:00;8.85
13/4/2015 00:00;8.85
14/4/2015 00:00;8.86
15/4/2015 00:00;8.86
16/4/2015 00:00;8.87
17/4/2015 00:00;8.87
20/4/2015 00:00;8.87
21/4/2015 00:00;8.87
22/4/2015 00:00;8.88
23/4/2015 00:00;8.88
24/4/2015 00:00;8.89
27/4/2015 00:00;8.89
28/4/2015 00:00;8.90
29/4/2015 00:00;8.90
30/4/2015 00:00;8.90
4/5/2015 00:00;8.91
5/5/2015 00:00;8.91
6/5/2015 00:00;8.92
7/5/2015 00:00;8.92
8/5/2015 00:00;8.93
11/5/2015 00:00;8.93
12/5/2015 00:00;8.94
13/5/2015 00:00;8.94
14/5/2015 00:00;8.94
15/5/2015 00:00;8.95
18/5/2015 00:00;8.95
19/5/2015 00:00;8.96
20/5/2015 00:00;8.96
21/5/2015 00:00;8.97
22/5/2015 00:00;8.97
26/5/2015 00:00;8.97
27/5/2015 00:00;8.98
28/5/2015 00:00;8.98
29/5/2015 00:00;8.99
1/6/2015 00:00;9.00
2/6/2015 00:00;9.00
3/6/2015 00:00;9.01
5/6/2015 00:00;9.01
8/6/2015 00:00;9.02
9/6/2015 00:00;9.02
10/6/2015 00:00;9.03
11/6/2015 00:00;9.03
12/6/2015 00:00;9.04
16/6/2015 00:00;9.05
18/6/2015 00:00;9.05
19/6/2015 00:00;9.06
22/6/2015 00:00;9.06
23/6/2015 00:00;9.06
24/6/2015 00:00;9.07
25/6/2015 00:00;9.07
26/6/2015 00:00;9.08
29/6/2015 00:00;9.08
30/6/2015 00:00;9.09
1/7/2015 00:00;9.09
2/7/2015 00:00;9.10
3/7/2015 00:00;9.10
7/7/2015 00:00;9.11
8/7/2015 00:00;9.12
10/7/2015 00:00;9.12
13/7/2015 00:00;9.13
14/7/2015 00:00;9.13
15/7/2015 00:00;9.14
16/7/2015 00:00;9.14
17/7/2015 00:00;9.15
20/7/2015 00:00;9.15
21/7/2015 00:00;9.15
22/7/2015 00:00;9.16
23/7/2015 00:00;9.16
24/7/2015 00:00;9.17
27/7/2015 00:00;9.17
28/7/2015 00:00;9.18
29/7/2015 00:00;9.18
30/7/2015 00:00;9.18
31/7/2015 00:00;9.19
3/8/2015 00:00;9.19
4/8/2015 00:00;9.20
5/8/2015 00:00;9.20
6/8/2015 00:00;9.21
7/8/2015 00:00;9.21
10/8/2015 00:00;9.22
11/8/2015 00:00;9.22
12/8/2015 00:00;9.23
13/8/2015 00:00;9.24
14/8/2015 00:00;9.24
18/8/2015 00:00;9.25
19/8/2015 00:00;9.25
20/8/2015 00:00;9.26
21/8/2015 00:00;9.26
24/8/2015 00:00;9.27
25/8/2015 00:00;9.27
26/8/2015 00:00;9.28
27/8/2015 00:00;9.28
28/8/2015 00:00;9.29
31/8/2015 00:00;9.29
1/9/2015 00:00;9.30
2/9/2015 00:00;9.31
3/9/2015 00:00;9.32
4/9/2015 00:00;9.32
7/9/2015 00:00;9.33
8/9/2015 00:00;9.33
9/9/2015 00:00;9.34
10/9/2015 00:00;9.35
11/9/2015 00:00;9.35
14/9/2015 00:00;9.36
15/9/2015 00:00;9.36
16/9/2015 00:00;9.37
17/9/2015 00:00;9.38
18/9/2015 00:00;9.38
21/9/2015 00:00;9.39
22/9/2015 00:00;9.39
23/9/2015 00:00;9.40
24/9/2015 00:00;9.40
28/9/2015 00:00;9.41
29/9/2015 00:00;9.41
30/9/2015 00:00;9.42
1/10/2015 00:00;9.43
2/10/2015 00:00;9.44
5/10/2015 00:00;9.44
6/10/2015 00:00;9.45
7/10/2015 00:00;9.45
8/10/2015 00:00;9.46
9/10/2015 00:00;9.47
13/10/2015 00:00;9.47
14/10/2015 00:00;9.48
15/10/2015 00:00;9.48
16/10/2015 00:00;9.49
19/10/2015 00:00;9.50
20/10/2015 00:00;9.50
21/10/2015 00:00;9.51
22/10/2015 00:00;9.51
23/10/2015 00:00;9.52
26/10/2015 00:00;9.53
27/10/2015 00:00;9.53
28/10/2015 00:00;9.54
29/10/2015 00:00;9.54
30/10/2015 00:00;9.55
2/11/2015 00:00;9.55
3/11/2015 00:00;9.56
4/11/2015 00:00;9.57
5/11/2015 00:00;9.58
9/11/2015 00:00;9.59
10/11/2015 00:00;9.59
11/11/2015 00:00;9.60
12/11/2015 00:00;9.61
13/11/2015 00:00;9.62
16/11/2015 00:00;9.62
17/11/2015 00:00;9.62
18/11/2015 00:00;9.65
19/11/2015 00:00;9.66
23/11/2015 00:00;9.67
24/11/2015 00:00;9.67
25/11/2015 00:00;9.68
26/11/2015 00:00;9.68
30/11/2015 00:00;9.69
1/12/2015 00:00;9.70
2/12/2015 00:00;9.71
3/12/2015 00:00;9.72
4/12/2015 00:00;9.73
9/12/2015 00:00;9.74
10/12/2015 00:00;9.75
11/12/2015 00:00;9.77
14/12/2015 00:00;9.79
15/12/2015 00:00;9.81
17/12/2015 00:00;13.76
18/12/2015 00:00;13.42
21/12/2015 00:00;12.81
23/12/2015 00:00;13.04
24/12/2015 00:00;13.05
28/12/2015 00:00;13.06
29/12/2015 00:00;12.97
30/12/2015 00:00;12.98
31/12/2015 00:00;13.00
4/1/2016 00:00;13.07
5/1/2016 00:00;13.46
6/1/2016 00:00;13.84
7/1/2016 00:00;13.94
8/1/2016 00:00;13.87
11/1/2016 00:00;13.87
12/1/2016 00:00;13.58
13/1/2016 00:00;13.56
15/1/2016 00:00;13.44
18/1/2016 00:00;13.51
19/1/2016 00:00;13.49
20/1/2016 00:00;13.45
21/1/2016 00:00;13.55
22/1/2016 00:00;13.72
25/1/2016 00:00;13.78
26/1/2016 00:00;13.84
27/1/2016 00:00;13.89
28/1/2016 00:00;13.89
29/1/2016 00:00;13.90
1/2/2016 00:00;14.09
2/2/2016 00:00;14.14
3/2/2016 00:00;14.14
4/2/2016 00:00;14.19
5/2/2016 00:00;14.31
10/2/2016 00:00;14.47
11/2/2016 00:00;14.56
12/2/2016 00:00;14.73
15/2/2016 00:00;14.77
16/2/2016 00:00;14.85
17/2/2016 00:00;14.91
18/2/2016 00:00;15.03
19/2/2016 00:00;15.03
22/2/2016 00:00;15.09
23/2/2016 00:00;15.42
24/2/2016 00:00;15.35
25/2/2016 00:00;15.37
26/2/2016 00:00;15.44
29/2/2016 00:00;15.58
1/3/2016 00:00;15.92
2/3/2016 00:00;15.69
3/3/2016 00:00;15.45
4/3/2016 00:00;15.20
7/3/2016 00:00;15.34
8/3/2016 00:00;15.44
9/3/2016 00:00;15.36
10/3/2016 00:00;15.34
11/3/2016 00:00;15.12
14/3/2016 00:00;14.80
15/3/2016 00:00;14.61
16/3/2016 00:00;14.51
17/3/2016 00:00;14.63
18/3/2016 00:00;14.82
21/3/2016 00:00;14.58
22/3/2016 00:00;14.25
28/3/2016 00:00;14.64
29/3/2016 00:00;14.88
30/3/2016 00:00;14.62
31/3/2016 00:00;14.58
1/4/2016 00:00;14.70
4/4/2016 00:00;14.78
6/4/2016 00:00;14.69
7/4/2016 00:00;14.53
8/4/2016 00:00;14.43
11/4/2016 00:00;14.51
12/4/2016 00:00;14.54
13/4/2016 00:00;14.42
14/4/2016 00:00;14.37
15/4/2016 00:00;14.30
18/4/2016 00:00;14.14
19/4/2016 00:00;14.14
20/4/2016 00:00;14.24
21/4/2016 00:00;14.36
22/4/2016 00:00;14.46
25/4/2016 00:00;14.33
26/4/2016 00:00;14.31
27/4/2016 00:00;14.24
28/4/2016 00:00;14.17
29/4/2016 00:00;14.26
2/5/2016 00:00;14.26
3/5/2016 00:00;14.21
4/5/2016 00:00;14.21
5/5/2016 00:00;14.25
6/5/2016 00:00;14.24
9/5/2016 00:00;14.22
10/5/2016 00:00;14.23
11/5/2016 00:00;14.22
12/5/2016 00:00;14.20
13/5/2016 00:00;14.16
16/5/2016 00:00;14.15
17/5/2016 00:00;14.13
18/5/2016 00:00;14.11
19/5/2016 00:00;14.12
23/5/2016 00:00;14.01
24/5/2016 00:00;14.02
26/5/2016 00:00;14.09
27/5/2016 00:00;13.99
30/5/2016 00:00;13.96
31/5/2016 00:00;14.01
1/6/2016 00:00;13.95
2/6/2016 00:00;13.93
3/6/2016 00:00;13.88
6/6/2016 00:00;13.78
7/6/2016 00:00;13.80
8/6/2016 00:00;13.84
9/6/2016 00:00;13.85
10/6/2016 00:00;13.82
13/6/2016 00:00;13.80
14/6/2016 00:00;13.77
15/6/2016 00:00;13.76
16/6/2016 00:00;13.79
21/6/2016 00:00;13.88
22/6/2016 00:00;14.03
23/6/2016 00:00;14.19
24/6/2016 00:00;14.84
27/6/2016 00:00;15.03
28/6/2016 00:00;15.06
29/6/2016 00:00;14.90
30/6/2016 00:00;14.92
1/7/2016 00:00;15.12
4/7/2016 00:00;15.07
5/7/2016 00:00;15.02
6/7/2016 00:00;14.76
7/7/2016 00:00;14.69
11/7/2016 00:00;14.71
12/7/2016 00:00;14.60
13/7/2016 00:00;14.57
14/7/2016 00:00;14.62
15/7/2016 00:00;14.86
18/7/2016 00:00;15.06
19/7/2016 00:00;15.19
20/7/2016 00:00;15.00
21/7/2016 00:00;15.04
22/7/2016 00:00;14.95
25/7/2016 00:00;14.93
26/7/2016 00:00;14.96
27/7/2016 00:00;14.98
28/7/2016 00:00;15.03
29/7/2016 00:00;15.04
1/8/2016 00:00;14.99
2/8/2016 00:00;14.85
3/8/2016 00:00;14.87
4/8/2016 00:00;14.88
5/8/2016 00:00;14.85
8/8/2016 00:00;14.79
9/8/2016 00:00;14.77
10/8/2016 00:00;14.75
11/8/2016 00:00;14.66
12/8/2016 00:00;14.65
16/8/2016 00:00;14.67
17/8/2016 00:00;14.70
18/8/2016 00:00;14.85
19/8/2016 00:00;14.94
22/8/2016 00:00;14.90
23/8/2016 00:00;14.83
24/8/2016 00:00;14.87
25/8/2016 00:00;14.88
26/8/2016 00:00;14.93
29/8/2016 00:00;15.06
30/8/2016 00:00;15.10
31/8/2016 00:00;14.90
1/9/2016 00:00;14.88
2/9/2016 00:00;14.90
5/9/2016 00:00;15.00
6/9/2016 00:00;15.01
7/9/2016 00:00;15.03
8/9/2016 00:00;15.07
9/9/2016 00:00;15.06
12/9/2016 00:00;14.99
13/9/2016 00:00;14.91
14/9/2016 00:00;15.03
15/9/2016 00:00;15.04
16/9/2016 00:00;15.09
19/9/2016 00:00;15.15
20/9/2016 00:00;15.16
21/9/2016 00:00;15.14
22/9/2016 00:00;15.17
23/9/2016 00:00;15.16
27/9/2016 00:00;15.27
28/9/2016 00:00;15.31
29/9/2016 00:00;15.40
30/9/2016 00:00;15.26
3/10/2016 00:00;15.23
4/10/2016 00:00;15.18
5/10/2016 00:00;15.18
6/10/2016 00:00;15.22
7/10/2016 00:00;15.21
11/10/2016 00:00;15.19
12/10/2016 00:00;15.15
13/10/2016 00:00;15.12
14/10/2016 00:00;15.12
17/10/2016 00:00;15.21
18/10/2016 00:00;15.20
19/10/2016 00:00;15.21
20/10/2016 00:00;15.18
21/10/2016 00:00;15.15
24/10/2016 00:00;15.12
25/10/2016 00:00;15.19
26/10/2016 00:00;15.22
27/10/2016 00:00;15.18
28/10/2016 00:00;15.19
31/10/2016 00:00;15.17
1/11/2016 00:00;15.13
2/11/2016 00:00;15.08
3/11/2016 00:00;15.13
4/11/2016 00:00;15.07
7/11/2016 00:00;15.04
8/11/2016 00:00;15.04
9/11/2016 00:00;15.02
10/11/2016 00:00;15.02
11/11/2016 00:00;15.02
14/11/2016 00:00;15.53
15/11/2016 00:00;15.54
16/11/2016 00:00;15.55
17/11/2016 00:00;15.47
18/11/2016 00:00;15.48
21/11/2016 00:00;15.40
22/11/2016 00:00;15.41
23/11/2016 00:00;15.53
24/11/2016 00:00;15.53
25/11/2016 00:00;15.54
29/11/2016 00:00;15.57
30/11/2016 00:00;15.84
1/12/2016 00:00;15.87
2/12/2016 00:00;15.88
5/12/2016 00:00;15.94
6/12/2016 00:00;15.87
7/12/2016 00:00;15.96
12/12/2016 00:00;16.04
13/12/2016 00:00;16.02
14/12/2016 00:00;15.91
15/12/2016 00:00;16.00
16/12/2016 00:00;15.95
19/12/2016 00:00;15.86
20/12/2016 00:00;15.83
21/12/2016 00:00;15.86
22/12/2016 00:00;15.77
23/12/2016 00:00;15.60
26/12/2016 00:00;15.55
27/12/2016 00:00;15.52
28/12/2016 00:00;15.57
29/12/2016 00:00;15.73
30/12/2016 00:00;15.85
2/1/2017 00:00;15.92
3/1/2017 00:00;15.90
4/1/2017 00:00;16.05
5/1/2017 00:00;15.99
6/1/2017 00:00;15.85
9/1/2017 00:00;15.81
10/1/2017 00:00;15.87
11/1/2017 00:00;15.86
12/1/2017 00:00;15.82
13/1/2017 00:00;15.84
16/1/2017 00:00;15.87
17/1/2017 00:00;15.88
18/1/2017 00:00;15.95
19/1/2017 00:00;15.98
20/1/2017 00:00;15.86
23/1/2017 00:00;15.92
24/1/2017 00:00;15.96
25/1/2017 00:00;15.93
26/1/2017 00:00;15.94
27/1/2017 00:00;15.89
30/1/2017 00:00;15.94
31/1/2017 00:00;15.91
1/2/2017 00:00;15.84
2/2/2017 00:00;15.72
3/2/2017 00:00;15.65
6/2/2017 00:00;15.62
7/2/2017 00:00;15.72
8/2/2017 00:00;15.69
9/2/2017 00:00;15.63
10/2/2017 00:00;15.55
13/2/2017 00:00;15.53
14/2/2017 00:00;15.48
15/2/2017 00:00;15.46
16/2/2017 00:00;15.37
17/2/2017 00:00;15.58
20/2/2017 00:00;15.72
21/2/2017 00:00;15.66
22/2/2017 00:00;15.54
23/2/2017 00:00;15.57
24/2/2017 00:00;15.46
1/3/2017 00:00;15.48
2/3/2017 00:00;15.39
3/3/2017 00:00;15.45
6/3/2017 00:00;15.44
7/3/2017 00:00;15.50
8/3/2017 00:00;15.59
9/3/2017 00:00;15.63
10/3/2017 00:00;15.48
13/3/2017 00:00;15.52
14/3/2017 00:00;15.54
15/3/2017 00:00;15.55
16/3/2017 00:00;15.53
17/3/2017 00:00;15.53
20/3/2017 00:00;15.67
21/3/2017 00:00;15.64
22/3/2017 00:00;15.58
23/3/2017 00:00;15.63
27/3/2017 00:00;15.61
28/3/2017 00:00;15.54
29/3/2017 00:00;15.47
30/3/2017 00:00;15.40
31/3/2017 00:00;15.38
3/4/2017 00:00;15.42
5/4/2017 00:00;15.35
6/4/2017 00:00;15.41
7/4/2017 00:00;15.37
10/4/2017 00:00;15.33
11/4/2017 00:00;15.24
12/4/2017 00:00;15.17
17/4/2017 00:00;15.21
18/4/2017 00:00;15.23
19/4/2017 00:00;15.42
20/4/2017 00:00;15.40
21/4/2017 00:00;15.39
24/4/2017 00:00;15.42
25/4/2017 00:00;15.41
26/4/2017 00:00;15.44
27/4/2017 00:00;15.45
28/4/2017 00:00;15.43
2/5/2017 00:00;15.33
3/5/2017 00:00;15.27
4/5/2017 00:00;15.37
5/5/2017 00:00;15.34
8/5/2017 00:00;15.39
9/5/2017 00:00;15.55
10/5/2017 00:00;15.53
11/5/2017 00:00;15.46
12/5/2017 00:00;15.41
15/5/2017 00:00;15.48
16/5/2017 00:00;15.59
17/5/2017 00:00;15.62
18/5/2017 00:00;15.91
19/5/2017 00:00;15.89
22/5/2017 00:00;16.07
23/5/2017 00:00;16.10
24/5/2017 00:00;16.10
26/5/2017 00:00;16.04
29/5/2017 00:00;16.01
30/5/2017 00:00;16.07
31/5/2017 00:00;16.14
1/6/2017 00:00;16.06
2/6/2017 00:00;16.03
5/6/2017 00:00;16.03
6/6/2017 00:00;16.01
7/6/2017 00:00;16.01
8/6/2017 00:00;15.99
9/6/2017 00:00;15.90
12/6/2017 00:00;15.93
13/6/2017 00:00;15.89
14/6/2017 00:00;15.85
15/6/2017 00:00;15.92
16/6/2017 00:00;16.01
19/6/2017 00:00;16.07
21/6/2017 00:00;16.36
22/6/2017 00:00;16.19
23/6/2017 00:00;16.13
26/6/2017 00:00;16.24
27/6/2017 00:00;16.39
28/6/2017 00:00;16.37
29/6/2017 00:00;16.48
30/6/2017 00:00;16.60
3/7/2017 00:00;16.68
4/7/2017 00:00;16.87
5/7/2017 00:00;17.00
7/7/2017 00:00;16.97
10/7/2017 00:00;16.99
11/7/2017 00:00;16.99
12/7/2017 00:00;16.97
13/7/2017 00:00;16.95
14/7/2017 00:00;16.87
17/7/2017 00:00;16.88
18/7/2017 00:00;17.03
19/7/2017 00:00;17.31
20/7/2017 00:00;17.13
21/7/2017 00:00;17.34
24/7/2017 00:00;17.54
25/7/2017 00:00;17.41
26/7/2017 00:00;17.47
27/7/2017 00:00;17.56
28/7/2017 00:00;17.76
31/7/2017 00:00;17.67
1/8/2017 00:00;17.61
2/8/2017 00:00;17.56
3/8/2017 00:00;17.64
4/8/2017 00:00;17.65
7/8/2017 00:00;17.70
8/8/2017 00:00;17.71
9/8/2017 00:00;17.71
10/8/2017 00:00;17.73
11/8/2017 00:00;17.71
14/8/2017 00:00;17.15
15/8/2017 00:00;17.06
16/8/2017 00:00;17.11
17/8/2017 00:00;17.27
18/8/2017 00:00;17.28
22/8/2017 00:00;17.23
23/8/2017 00:00;17.22
24/8/2017 00:00;17.18
25/8/2017 00:00;17.22
28/8/2017 00:00;17.22
29/8/2017 00:00;17.31
30/8/2017 00:00;17.44
31/8/2017 00:00;17.37
1/9/2017 00:00;17.24
4/9/2017 00:00;17.24
5/9/2017 00:00;17.26
6/9/2017 00:00;17.22
7/9/2017 00:00;17.22
8/9/2017 00:00;17.21
11/9/2017 00:00;17.20
12/9/2017 00:00;17.11
13/9/2017 00:00;17.06
14/9/2017 00:00;17.01
15/9/2017 00:00;16.97
18/9/2017 00:00;17.06
19/9/2017 00:00;17.20
20/9/2017 00:00;17.15
21/9/2017 00:00;17.28
22/9/2017 00:00;17.30
26/9/2017 00:00;17.61
27/9/2017 00:00;17.57
28/9/2017 00:00;17.56
29/9/2017 00:00;17.32
2/10/2017 00:00;17.35
3/10/2017 00:00;17.43
4/10/2017 00:00;17.36
5/10/2017 00:00;17.34
6/10/2017 00:00;17.51
9/10/2017 00:00;17.47
10/10/2017 00:00;17.44
11/10/2017 00:00;17.43
12/10/2017 00:00;17.43
13/10/2017 00:00;17.36
17/10/2017 00:00;17.38
18/10/2017 00:00;17.33
19/10/2017 00:00;17.40
20/10/2017 00:00;17.47
23/10/2017 00:00;17.32
24/10/2017 00:00;17.50
25/10/2017 00:00;17.45
26/10/2017 00:00;17.53
27/10/2017 00:00;17.68
30/10/2017 00:00;17.66
31/10/2017 00:00;17.67
1/11/2017 00:00;17.65
2/11/2017 00:00;17.57
3/11/2017 00:00;17.56
7/11/2017 00:00;17.67
8/11/2017 00:00;17.56
9/11/2017 00:00;17.54
10/11/2017 00:00;17.52
13/11/2017 00:00;17.54
14/11/2017 00:00;17.49
15/11/2017 00:00;17.53
16/11/2017 00:00;17.49
17/11/2017 00:00;17.49
21/11/2017 00:00;17.51
24/11/2017 00:00;17.37
27/11/2017 00:00;17.33
28/11/2017 00:00;17.33
29/11/2017 00:00;17.42
30/11/2017 00:00;17.38
1/12/2017 00:00;17.26
4/12/2017 00:00;17.26
5/12/2017 00:00;17.35
6/12/2017 00:00;17.29
7/12/2017 00:00;17.31
11/12/2017 00:00;17.27
12/12/2017 00:00;17.26
13/12/2017 00:00;17.32
14/12/2017 00:00;17.36
15/12/2017 00:00;17.55
19/12/2017 00:00;17.57
20/12/2017 00:00;17.78
21/12/2017 00:00;17.87
22/12/2017 00:00;18.01
26/12/2017 00:00;18.25
27/12/2017 00:00;18.44
28/12/2017 00:00;18.83
29/12/2017 00:00;18.77
2/1/2018 00:00;18.55
3/1/2018 00:00;18.42
4/1/2018 00:00;18.61
5/1/2018 00:00;18.86
8/1/2018 00:00;19.07
9/1/2018 00:00;19.05
10/1/2018 00:00;18.72
11/1/2018 00:00;18.65
12/1/2018 00:00;18.72
15/1/2018 00:00;18.72
16/1/2018 00:00;18.83
17/1/2018 00:00;18.89
18/1/2018 00:00;18.85
19/1/2018 00:00;18.96
22/1/2018 00:00;19.07
23/1/2018 00:00;19.32
24/1/2018 00:00;19.53
25/1/2018 00:00;19.49
26/1/2018 00:00;19.52
31/1/2018 00:00;19.65
1/2/2018 00:00;19.47
2/2/2018 00:00;19.50
5/2/2018 00:00;19.53
6/2/2018 00:00;19.69
7/2/2018 00:00;19.62
8/2/2018 00:00;19.84
9/2/2018 00:00;20.13
14/2/2018 00:00;20.03
15/2/2018 00:00;19.74
16/2/2018 00:00;19.67
19/2/2018 00:00;19.84
20/2/2018 00:00;19.94
21/2/2018 00:00;19.92
22/2/2018 00:00;19.94
23/2/2018 00:00;19.97
26/2/2018 00:00;20.04
28/2/2018 00:00;20.12
1/3/2018 00:00;20.16
2/3/2018 00:00;20.23
5/3/2018 00:00;20.29
6/3/2018 00:00;20.20
7/3/2018 00:00;20.35
8/3/2018 00:00;20.39
9/3/2018 00:00;20.27
12/3/2018 00:00;20.22
13/3/2018 00:00;20.19
14/3/2018 00:00;20.19
15/3/2018 00:00;20.27
16/3/2018 00:00;20.29
19/3/2018 00:00;20.25
20/3/2018 00:00;20.24
21/3/2018 00:00;20.28
23/3/2018 00:00;20.21
26/3/2018 00:00;20.16
27/3/2018 00:00;20.16
28/3/2018 00:00;20.14
3/4/2018 00:00;20.16
4/4/2018 00:00;20.20
5/4/2018 00:00;20.18
6/4/2018 00:00;20.21
9/4/2018 00:00;20.19
10/4/2018 00:00;20.19
11/4/2018 00:00;20.16
12/4/2018 00:00;20.17
13/4/2018 00:00;20.21
16/4/2018 00:00;20.22
17/4/2018 00:00;20.18
18/4/2018 00:00;20.15
19/4/2018 00:00;20.16
20/4/2018 00:00;20.19
23/4/2018 00:00;20.25
24/4/2018 00:00;20.25
25/4/2018 00:00;20.26
26/4/2018 00:00;20.45
27/4/2018 00:00;20.69
2/5/2018 00:00;20.97
3/5/2018 00:00;21.75
4/5/2018 00:00;21.70
7/5/2018 00:00;21.83
8/5/2018 00:00;22.76
9/5/2018 00:00;22.57
10/5/2018 00:00;22.63
11/5/2018 00:00;23.23
14/5/2018 00:00;24.77
15/5/2018 00:00;24.80
16/5/2018 00:00;24.04
17/5/2018 00:00;24.33
18/5/2018 00:00;24.60
21/5/2018 00:00;24.27
22/5/2018 00:00;24.28
23/5/2018 00:00;24.48
24/5/2018 00:00;24.57
28/5/2018 00:00;24.70
29/5/2018 00:00;24.90
30/5/2018 00:00;24.91
31/5/2018 00:00;24.95
1/6/2018 00:00;24.96
4/6/2018 00:00;24.96
5/6/2018 00:00;24.97
6/6/2018 00:00;24.92
7/6/2018 00:00;24.97
8/6/2018 00:00;25.47
11/6/2018 00:00;25.43
12/6/2018 00:00;25.86
13/6/2018 00:00;25.73
14/6/2018 00:00;27.06
15/6/2018 00:00;27.88
18/6/2018 00:00;27.90
19/6/2018 00:00;27.71
21/6/2018 00:00;27.55
22/6/2018 00:00;27.20
25/6/2018 00:00;27.02
26/6/2018 00:00;27.12
27/6/2018 00:00;27.30
28/6/2018 00:00;27.81
29/6/2018 00:00;28.86
2/7/2018 00:00;28.72
3/7/2018 00:00;27.94
4/7/2018 00:00;28.03
5/7/2018 00:00;28.17
6/7/2018 00:00;28.08
10/7/2018 00:00;27.56
11/7/2018 00:00;27.46
12/7/2018 00:00;27.15
13/7/2018 00:00;27.25
16/7/2018 00:00;27.30
17/7/2018 00:00;27.49
18/7/2018 00:00;27.64
20/7/2018 00:00;27.65
23/7/2018 00:00;27.63
24/7/2018 00:00;27.49
25/7/2018 00:00;27.36
26/7/2018 00:00;27.44
27/7/2018 00:00;27.35
30/7/2018 00:00;27.34
31/7/2018 00:00;27.34
1/8/2018 00:00;27.51
2/8/2018 00:00;27.60
3/8/2018 00:00;27.38
6/8/2018 00:00;27.37
7/8/2018 00:00;27.27
8/8/2018 00:00;27.52
9/8/2018 00:00;27.97
13/8/2018 00:00;30.01
14/8/2018 00:00;29.42
15/8/2018 00:00;30.01
16/8/2018 00:00;29.81
17/8/2018 00:00;29.79
21/8/2018 00:00;29.97
22/8/2018 00:00;30.20
23/8/2018 00:00;30.20
24/8/2018 00:00;30.57
27/8/2018 00:00;30.92
28/8/2018 00:00;31.35
29/8/2018 00:00;31.94
30/8/2018 00:00;39.61
31/8/2018 00:00;37.12
4/9/2018 00:00;38.88
5/9/2018 00:00;38.81
6/9/2018 00:00;37.69
7/9/2018 00:00;36.99
10/9/2018 00:00;37.39
11/9/2018 00:00;37.92
12/9/2018 00:00;37.87
13/9/2018 00:00;38.71
14/9/2018 00:00;39.71
17/9/2018 00:00;39.58
18/9/2018 00:00;39.73
19/9/2018 00:00;39.46
20/9/2018 00:00;38.31
21/9/2018 00:00;37.58
25/9/2018 00:00;38.40
26/9/2018 00:00;38.69
27/9/2018 00:00;39.51
28/9/2018 00:00;40.90
1/10/2018 00:00;40.34
2/10/2018 00:00;38.16
3/10/2018 00:00;37.61
4/10/2018 00:00;38.52
5/10/2018 00:00;38.02
8/10/2018 00:00;37.55
9/10/2018 00:00;37.25
10/10/2018 00:00;37.29
11/10/2018 00:00;36.92
12/10/2018 00:00;36.24
16/10/2018 00:00;36.36
17/10/2018 00:00;36.30
18/10/2018 00:00;36.41
19/10/2018 00:00;36.55
22/10/2018 00:00;36.42
23/10/2018 00:00;36.77
24/10/2018 00:00;36.54
25/10/2018 00:00;36.79
26/10/2018 00:00;36.79
29/10/2018 00:00;36.79
30/10/2018 00:00;36.83
31/10/2018 00:00;36.20
1/11/2018 00:00;35.74
2/11/2018 00:00;35.59
5/11/2018 00:00;35.55
7/11/2018 00:00;35.76
8/11/2018 00:00;35.61
9/11/2018 00:00;35.49
12/11/2018 00:00;35.51
13/11/2018 00:00;35.89
14/11/2018 00:00;36.12
15/11/2018 00:00;36.07
16/11/2018 00:00;35.98
20/11/2018 00:00;36.26
21/11/2018 00:00;36.27
22/11/2018 00:00;36.43
26/11/2018 00:00;38.16
27/11/2018 00:00;38.88
28/11/2018 00:00;38.53
29/11/2018 00:00;38.02
3/12/2018 00:00;36.89
4/12/2018 00:00;37.06
5/12/2018 00:00;37.94
6/12/2018 00:00;37.86
7/12/2018 00:00;37.36
10/12/2018 00:00;37.70
11/12/2018 00:00;37.65
12/12/2018 00:00;37.64
13/12/2018 00:00;37.80
17/12/2018 00:00;38.32
18/12/2018 00:00;38.21
19/12/2018 00:00;38.30
20/12/2018 00:00;38.07
21/12/2018 00:00;38.08
26/12/2018 00:00;38.51
27/12/2018 00:00;38.57
28/12/2018 00:00;37.81
2/1/2019 00:00;37.93
3/1/2019 00:00;37.55
4/1/2019 00:00;37.39
7/1/2019 00:00;37.36
8/1/2019 00:00;37.37
9/1/2019 00:00;37.37
10/1/2019 00:00;37.31
11/1/2019 00:00;37.10
14/1/2019 00:00;37.10
15/1/2019 00:00;37.14
16/1/2019 00:00;37.36
17/1/2019 00:00;37.36
18/1/2019 00:00;37.62
21/1/2019 00:00;37.71
23/1/2019 00:00;37.56
24/1/2019 00:00;37.56
25/1/2019 00:00;37.14
28/1/2019 00:00;37.09
29/1/2019 00:00;37.23
30/1/2019 00:00;37.61
31/1/2019 00:00;37.04
1/2/2019 00:00;37.04
4/2/2019 00:00;37.24
5/2/2019 00:00;37.20
6/2/2019 00:00;37.43
7/2/2019 00:00;37.90
8/2/2019 00:00;37.86
11/2/2019 00:00;38.32
12/2/2019 00:00;37.82
13/2/2019 00:00;38.15
14/2/2019 00:00;38.37
15/2/2019 00:00;38.33
18/2/2019 00:00;38.77
19/2/2019 00:00;38.92
20/2/2019 00:00;40.04
21/2/2019 00:00;39.66
22/2/2019 00:00;39.25
25/2/2019 00:00;38.96
26/2/2019 00:00;38.99
27/2/2019 00:00;38.75
28/2/2019 00:00;39.00
6/3/2019 00:00;40.48
7/3/2019 00:00;41.23
8/3/2019 00:00;41.30
11/3/2019 00:00;40.87
12/3/2019 00:00;41.35
13/3/2019 00:00;41.65
14/3/2019 00:00;40.98
15/3/2019 00:00;39.94
18/3/2019 00:00;39.71
19/3/2019 00:00;40.33
20/3/2019 00:00;41.08
21/3/2019 00:00;40.74
22/3/2019 00:00;42.01
25/3/2019 00:00;41.79
26/3/2019 00:00;42.35
27/3/2019 00:00;43.70
28/3/2019 00:00;43.59
29/3/2019 00:00;43.35
1/4/2019 00:00;42.82
3/4/2019 00:00;42.65
4/4/2019 00:00;43.25
5/4/2019 00:00;43.69
8/4/2019 00:00;43.80
9/4/2019 00:00;43.74
10/4/2019 00:00;43.04
11/4/2019 00:00;42.91
12/4/2019 00:00;42.33
15/4/2019 00:00;41.56
16/4/2019 00:00;42.11
17/4/2019 00:00;41.78
22/4/2019 00:00;42.69
23/4/2019 00:00;42.38
24/4/2019 00:00;43.48
25/4/2019 00:00;45.63
26/4/2019 00:00;45.97
29/4/2019 00:00;44.67
30/4/2019 00:00;44.01
2/5/2019 00:00;44.75
3/5/2019 00:00;44.42
6/5/2019 00:00;44.90
7/5/2019 00:00;44.90
8/5/2019 00:00;45.10
9/5/2019 00:00;45.57
10/5/2019 00:00;44.98
13/5/2019 00:00;45.41
14/5/2019 00:00;44.99
15/5/2019 00:00;45.15
16/5/2019 00:00;44.86
17/5/2019 00:00;45.02
20/5/2019 00:00;45.32
21/5/2019 00:00;44.82
22/5/2019 00:00;44.72
23/5/2019 00:00;45.15
24/5/2019 00:00;44.96
27/5/2019 00:00;44.98
28/5/2019 00:00;44.79
29/5/2019 00:00;44.50
30/5/2019 00:00;44.45
31/5/2019 00:00;44.87
3/6/2019 00:00;44.87
4/6/2019 00:00;44.76
5/6/2019 00:00;44.80
6/6/2019 00:00;44.98
7/6/2019 00:00;44.88
10/6/2019 00:00;44.97
11/6/2019 00:00;44.74
12/6/2019 00:00;43.75
13/6/2019 00:00;43.59
14/6/2019 00:00;43.87
18/6/2019 00:00;43.66
19/6/2019 00:00;43.45
21/6/2019 00:00;42.92
24/6/2019 00:00;42.67
25/6/2019 00:00;42.31
26/6/2019 00:00;42.71
27/6/2019 00:00;42.84
28/6/2019 00:00;42.45
1/7/2019 00:00;42.14
2/7/2019 00:00;42.47
3/7/2019 00:00;42.09
4/7/2019 00:00;41.76
5/7/2019 00:00;41.98
10/7/2019 00:00;41.88
11/7/2019 00:00;41.76
12/7/2019 00:00;41.66
15/7/2019 00:00;41.86
16/7/2019 00:00;42.63
17/7/2019 00:00;42.52
18/7/2019 00:00;42.35
19/7/2019 00:00;42.45
22/7/2019 00:00;42.48
23/7/2019 00:00;42.66
24/7/2019 00:00;42.81
25/7/2019 00:00;43.25
26/7/2019 00:00;43.22
29/7/2019 00:00;43.76
30/7/2019 00:00;43.88
31/7/2019 00:00;43.87
1/8/2019 00:00;44.32
2/8/2019 00:00;44.70
5/8/2019 00:00;45.44
6/8/2019 00:00;45.35
7/8/2019 00:00;45.69
8/8/2019 00:00;45.41
9/8/2019 00:00;45.40
12/8/2019 00:00;55.75
13/8/2019 00:00;56.32
14/8/2019 00:00;58.84
15/8/2019 00:00;56.63
16/8/2019 00:00;56.44
20/8/2019 00:00;55.36
21/8/2019 00:00;54.92
22/8/2019 00:00;55.03
23/8/2019 00:00;55.27
26/8/2019 00:00;55.34
27/8/2019 00:00;55.71
28/8/2019 00:00;58.08
29/8/2019 00:00;58.20
30/8/2019 00:00;59.08
31/8/2019 00:00;59.08
2/9/2019 00:00;59.09
3/9/2019 00:00;55.78
4/9/2019 00:00;55.94
5/9/2019 00:00;56.00
6/9/2019 00:00;55.91
9/9/2019 00:00;55.94
10/9/2019 00:00;56.07
11/9/2019 00:00;56.11
12/9/2019 00:00;56.18
13/9/2019 00:00;56.15
16/9/2019 00:00;56.25
17/9/2019 00:00;56.45
18/9/2019 00:00;56.50
19/9/2019 00:00;56.61
20/9/2019 00:00;56.62
23/9/2019 00:00;56.93
24/9/2019 00:00;56.94
25/9/2019 00:00;57.01
26/9/2019 00:00;57.18
27/9/2019 00:00;57.32
30/9/2019 00:00;57.56
1/10/2019 00:00;57.70
2/10/2019 00:00;57.89
3/10/2019 00:00;57.76
4/10/2019 00:00;57.71
7/10/2019 00:00;57.87
8/10/2019 00:00;57.84
9/10/2019 00:00;57.96
10/10/2019 00:00;57.98
11/10/2019 00:00;58.05
15/10/2019 00:00;58.24
16/10/2019 00:00;58.33
17/10/2019 00:00;58.32
18/10/2019 00:00;58.34
21/10/2019 00:00;58.52
22/10/2019 00:00;58.65
23/10/2019 00:00;58.94
24/10/2019 00:00;59.34
25/10/2019 00:00;60.00
28/10/2019 00:00;59.47
29/10/2019 00:00;59.46
30/10/2019 00:00;59.73
31/10/2019 00:00;59.73
1/11/2019 00:00;59.76
4/11/2019 00:00;59.76
5/11/2019 00:00;59.68
7/11/2019 00:00;59.60
8/11/2019 00:00;59.54
11/11/2019 00:00;59.75
12/11/2019 00:00;59.75
13/11/2019 00:00;59.74
14/11/2019 00:00;59.73
15/11/2019 00:00;59.69
19/11/2019 00:00;59.71
20/11/2019 00:00;59.72
21/11/2019 00:00;59.75
22/11/2019 00:00;59.79
25/11/2019 00:00;59.79
26/11/2019 00:00;59.72
27/11/2019 00:00;59.88
28/11/2019 00:00;59.85
29/11/2019 00:00;59.86
30/11/2019 00:00;59.86
2/12/2019 00:00;59.95
3/12/2019 00:00;59.94
4/12/2019 00:00;59.91
5/12/2019 00:00;59.94
6/12/2019 00:00;59.96
9/12/2019 00:00;59.95
10/12/2019 00:00;59.96
11/12/2019 00:00;59.83
12/12/2019 00:00;59.83
13/12/2019 00:00;59.82
16/12/2019 00:00;59.84
17/12/2019 00:00;59.82
18/12/2019 00:00;59.82
19/12/2019 00:00;59.82
20/12/2019 00:00;59.82
23/12/2019 00:00;59.86
27/12/2019 00:00;59.89
30/12/2019 00:00;59.90
31/12/2019 00:00;59.90
2/1/2020 00:00;59.85
3/1/2020 00:00;59.83
6/1/2020 00:00;59.82
7/1/2020 00:00;59.82
8/1/2020 00:00;59.82
9/1/2020 00:00;59.82
10/1/2020 00:00;59.82
13/1/2020 00:00;59.88
14/1/2020 00:00;60.04
15/1/2020 00:00;60.04
16/1/2020 00:00;60.00
17/1/2020 00:00;60.01
20/1/2020 00:00;60.06
21/1/2020 00:00;60.06
22/1/2020 00:00;60.11
23/1/2020 00:00;60.09
24/1/2020 00:00;60.10
27/1/2020 00:00;60.14
28/1/2020 00:00;60.18
29/1/2020 00:00;60.24
30/1/2020 00:00;60.25
31/1/2020 00:00;60.33
3/2/2020 00:00;60.43
4/2/2020 00:00;60.58
5/2/2020 00:00;60.58
6/2/2020 00:00;60.67
7/2/2020 00:00;60.77
10/2/2020 00:00;60.97
11/2/2020 00:00;60.11
12/2/2020 00:00;60.11
13/2/2020 00:00;61.38
14/2/2020 00:00;61.45
17/2/2020 00:00;61.66
18/2/2020 00:00;61.66
19/2/2020 00:00;61.72
20/2/2020 00:00;61.79
21/2/2020 00:00;61.83
26/2/2020 00:00;62.08
27/2/2020 00:00;62.14
28/2/2020 00:00;62.21
2/3/2020 00:00;62.25
3/3/2020 00:00;62.30
4/3/2020 00:00;62.36
5/3/2020 00:00;62.42
6/3/2020 00:00;62.48
9/3/2020 00:00;62.53
10/3/2020 00:00;62.59
11/3/2020 00:00;62.67
12/3/2020 00:00;62.82
13/3/2020 00:00;62.90
16/3/2020 00:00;63.04
17/3/2020 00:00;63.18
18/3/2020 00:00;63.33
19/3/2020 00:00;63.55
20/3/2020 00:00;63.77
25/3/2020 00:00;64.05
26/3/2020 00:00;64.23
27/3/2020 00:00;64.41
30/3/2020 00:00;64.47
1/4/2020 00:00;64.53
2/4/2020 00:00;64.72
3/4/2020 00:00;64.91
6/4/2020 00:00;64.99
7/4/2020 00:00;65.07
8/4/2020 00:00;65.16
13/4/2020 00:00;65.38
14/4/2020 00:00;65.50
15/4/2020 00:00;65.62
16/4/2020 00:00;65.74
17/4/2020 00:00;65.86
20/4/2020 00:00;65.98
21/4/2020 00:00;66.09
22/4/2020 00:00;66.23
23/4/2020 00:00;66.32
24/4/2020 00:00;66.43
27/4/2020 00:00;66.53
28/4/2020 00:00;66.64
29/4/2020 00:00;66.75
30/4/2020 00:00;66.84
4/5/2020 00:00;66.93
5/5/2020 00:00;67.01
6/5/2020 00:00;67.10
7/5/2020 00:00;67.19
8/5/2020 00:00;67.28
11/5/2020 00:00;67.37
12/5/2020 00:00;67.46
13/5/2020 00:00;67.55
14/5/2020 00:00;67.64
15/5/2020 00:00;67.73
18/5/2020 00:00;67.82
19/5/2020 00:00;67.91
20/5/2020 00:00;68.00
21/5/2020 00:00;68.09
22/5/2020 00:00;68.18
26/5/2020 00:00;68.27
27/5/2020 00:00;68.36
28/5/2020 00:00;68.45
29/5/2020 00:00;68.54
1/6/2020 00:00;68.63
2/6/2020 00:00;68.72
3/6/2020 00:00;68.81
4/6/2020 00:00;68.90
5/6/2020 00:00;68.99
8/6/2020 00:00;69.08
9/6/2020 00:00;69.17
10/6/2020 00:00;69.26
11/6/2020 00:00;69.32
12/6/2020 00:00;69.38
16/6/2020 00:00;69.62
17/6/2020 00:00;69.68
18/6/2020 00:00;69.74
19/6/2020 00:00;69.80
22/6/2020 00:00;69.98
23/6/2020 00:00;70.04
24/6/2020 00:00;70.10
25/6/2020 00:00;70.16
26/6/2020 00:00;70.22
29/6/2020 00:00;70.40
30/6/2020 00:00;70.46
1/7/2020 00:00;70.52
2/7/2020 00:00;70.58
3/7/2020 00:00;70.64
6/7/2020 00:00;70.82
7/7/2020 00:00;70.88
8/7/2020 00:00;70.94
13/7/2020 00:00;71.23
14/7/2020 00:00;71.30
15/7/2020 00:00;71.36
16/7/2020 00:00;71.42
17/7/2020 00:00;71.48
20/7/2020 00:00;71.66
21/7/2020 00:00;71.72
22/7/2020 00:00;71.78
23/7/2020 00:00;71.84
24/7/2020 00:00;71.90
27/7/2020 00:00;72.08
28/7/2020 00:00;72.14
29/7/2020 00:00;72.20
30/7/2020 00:00;72.26
31/7/2020 00:00;72.32
3/8/2020 00:00;72.52
4/8/2020 00:00;72.57
5/8/2020 00:00;72.62
6/8/2020 00:00;72.70
7/8/2020 00:00;72.77
10/8/2020 00:00;72.95
11/8/2020 00:00;73.00
12/8/2020 00:00;73.05
13/8/2020 00:00;73.11
14/8/2020 00:00;73.16
18/8/2020 00:00;73.40
19/8/2020 00:00;73.48
20/8/2020 00:00;73.53
21/8/2020 00:00;73.58
24/8/2020 00:00;73.73
25/8/2020 00:00;73.81
26/8/2020 00:00;73.86
27/8/2020 00:00;73.94
28/8/2020 00:00;74.00
31/8/2020 00:00;74.18
1/9/2020 00:00;74.25
2/9/2020 00:00;74.32
3/9/2020 00:00;74.38
4/9/2020 00:00;74.44
7/9/2020 00:00;74.65
8/9/2020 00:00;74.71
9/9/2020 00:00;74.77
10/9/2020 00:00;74.84
11/9/2020 00:00;74.91
14/9/2020 00:00;75.12
15/9/2020 00:00;75.19
16/9/2020 00:00;75.25
17/9/2020 00:00;75.32
18/9/2020 00:00;75.38
21/9/2020 00:00;75.59
22/9/2020 00:00;75.65
23/9/2020 00:00;75.72
24/9/2020 00:00;75.78
25/9/2020 00:00;75.85
28/9/2020 00:00;76.06
29/9/2020 00:00;76.12
30/9/2020 00:00;76.17
1/10/2020 00:00;76.25
2/10/2020 00:00;76.95
5/10/2020 00:00;77.05
6/10/2020 00:00;77.08
7/10/2020 00:00;77.10
8/10/2020 00:00;77.10
9/10/2020 00:00;77.11
13/10/2020 00:00;77.40
14/10/2020 00:00;77.42
15/10/2020 00:00;77.46
16/10/2020 00:00;77.53
19/10/2020 00:00;77.58
20/10/2020 00:00;77.66
21/10/2020 00:00;77.71
22/10/2020 00:00;78.05
23/10/2020 00:00;78.09
26/10/2020 00:00;78.21
27/10/2020 00:00;78.30
